{
  "id": "",
  "name": "",
  "font_family": "iconfont",
  "css_prefix_text": "icon-",
  "description": "",
  "glyphs": [
    {
      "icon_id": "1297",
      "name": "向下",
      "font_class": "xiangxia",
      "unicode": "f0170",
      "unicode_decimal": 983408
    },
    {
      "icon_id": "161990",
      "name": "微笑",
      "font_class": "smile",
      "unicode": "e740",
      "unicode_decimal": 59200
    },
    {
      "icon_id": "339039",
      "name": "赞",
      "font_class": "zan",
      "unicode": "e645",
      "unicode_decimal": 58949
    },
    {
      "icon_id": "339640",
      "name": "微信",
      "font_class": "icon",
      "unicode": "e610",
      "unicode_decimal": 58896
    },
    {
      "icon_id": "736221",
      "name": "奖杯",
      "font_class": "icon22",
      "unicode": "e62c",
      "unicode_decimal": 58924
    },
    {
      "icon_id": "739107",
      "name": "二维码",
      "font_class": "erweima",
      "unicode": "e630",
      "unicode_decimal": 58928
    },
    {
      "icon_id": "970736",
      "name": "购物车",
      "font_class": "gouwuche",
      "unicode": "e621",
      "unicode_decimal": 58913
    },
    {
      "icon_id": "995277",
      "name": "赔",
      "font_class": "icon2",
      "unicode": "e681",
      "unicode_decimal": 59009
    },
    {
      "icon_id": "1071033",
      "name": "打勾1",
      "font_class": "dagou1",
      "unicode": "e660",
      "unicode_decimal": 58976
    },
    {
      "icon_id": "1105010",
      "name": "手机",
      "font_class": "shouji",
      "unicode": "e615",
      "unicode_decimal": 58901
    },
    {
      "icon_id": "1240495",
      "name": "记笔记",
      "font_class": "jibiji",
      "unicode": "e609",
      "unicode_decimal": 58889
    },
    {
      "icon_id": "1306470",
      "name": "个人",
      "font_class": "gerensvg",
      "unicode": "e614",
      "unicode_decimal": 58900
    },
    {
      "icon_id": "1629916",
      "name": "爱心",
      "font_class": "icon-test",
      "unicode": "e62a",
      "unicode_decimal": 58922
    },
    {
      "icon_id": "2488128",
      "name": "上一页",
      "font_class": "shangyiye",
      "unicode": "e616",
      "unicode_decimal": 58902
    },
    {
      "icon_id": "2488136",
      "name": "下一页",
      "font_class": "xiayiye",
      "unicode": "e61a",
      "unicode_decimal": 58906
    },
    {
      "icon_id": "3205015",
      "name": "五角星",
      "font_class": "wujiaoxing-",
      "unicode": "e647",
      "unicode_decimal": 58951
    },
    {
      "icon_id": "3427802",
      "name": "回到顶部",
      "font_class": "icon-",
      "unicode": "e608",
      "unicode_decimal": 58888
    },
    {
      "icon_id": "3764006",
      "name": "电话",
      "font_class": "weibiaoti-",
      "unicode": "e60d",
      "unicode_decimal": 58893
    },
    {
      "icon_id": "4266150",
      "name": "耳机",
      "font_class": "erji",
      "unicode": "e711",
      "unicode_decimal": 59153
    },
    {
      "icon_id": "4421930",
      "name": "时钟",
      "font_class": "shizhong",
      "unicode": "e66e",
      "unicode_decimal": 58990
    },
    {
      "icon_id": "5387921",
      "name": "箭头_上一页_o",
      "font_class": "jiantou_shangyiye_o",
      "unicode": "eb8e",
      "unicode_decimal": 60302
    },
    {
      "icon_id": "5961314",
      "name": "摄像机",
      "font_class": "shexiangji",
      "unicode": "ec59",
      "unicode_decimal": 60505
    },
    {
      "icon_id": "8097441",
      "name": "下一页",
      "font_class": "iconfront-",
      "unicode": "e61e",
      "unicode_decimal": 58910
    },
    {
      "icon_id": "9297183",
      "name": "锁",
      "font_class": "suo",
      "unicode": "e619",
      "unicode_decimal": 58905
    }
  ]
}
